sigma_ratio;Parameters
1.0;(1256.8004136226814, 1.048505591313369, 0.01925549255919694)
2.0;(4.18, 0.93, 0.06)
