Distr;D_stats;p_value;Parameters
recipinvgauss;;;(0.0006440558500910793, 0.4786018892239323, 0.00033490154765817865)
