Distr;D_stats;p_value;Parameters
powernorm;0.027656;0.820000;(8997.952225528348, 1.0778477909315352, 0.024412350955131647)
