Distr;D_stats;p_value;Parameters
Distr;D_stats;p_value;Parameters
Distr;D_stats;p_value;Parameters
johnsonsb;0.494164;0.347000;(1.0627673161468902, 0.1450579513484611, 0.9634163208852004, 0.048048475309275224)
