Distr;D_stats;p_value;Parameters
logistic;;;(0.9998160144925616, -0.0013941412367818803)
recipinvgauss;;;(0.002430369803349505, 0.8430396574238994, 0.0003780559675881244)
